{
    "male_director": {
        "fail": 47.1698113208,
        "pass": 52.83018867924528
    },
    "female_director": {
        "fail": 23.69230769230769,
        "pass": 76.3076923076923
    }
}