{
    "male_director": {
        "0: no 2 women": 9.831181727904667,
        "1: don't talk together": 25.455147302217807,
        "2: talk about a man": 11.88348229063224,
        "3: talk about something else": 52.83018867924528
    },
    "female_director": {
        "0: no 2 women": 4.3076923076923075,
        "1: don't talk together": 12.923076923076923,
        "2: talk about a man": 6.461538461538462,
        "3: talk about something else": 76.3076923076923
    }
}