{
    "opti_female_rendement": {
        "0": 3.056391216216216,
        "1": 9.51623725,
        "2": 5.3419773,
        "3": 1.522929725,
        "4": 4.206473545454545,
        "5": 3.230354607142857,
        "6": 1.9172374166666666,
        "7": 3.311001725,
        "8": 3.9826513333333335,
        "9": 2.782423111111111,
        "10": 0.07062197326355817,
        "11": 0.8014333333333333,
        "12": 3.271040166666667,
        "13": 1.8195828666666667,
        "14": 1.84858025,
        "15": 2.191433066666667,
        "16": 0.9253806896551724,
        "17": 14.827019333333334,
        "18": 2.3900945555555557,
        "19": 4.92,
        "20": 0.74465225,
        "21": 2.283333333333333,
        "22": 0.77,
        "23": 1.997599929767219,
        "24": 1.3734658,
        "25": 0.18990866666666667,
        "26": 2.0759493670886076,
        "27": 2.7347866666666665,
        "28": 1.1005546,
        "29": 4.120002,
        "30": 0.8646674,
        "31": 1.142075,
        "32": 6.4076615384615385,
        "33": 6.857142857142857,
        "34": 1.539104,
        "35": 0.9418492,
        "36": 2.566666666666667,
        "37": 0.0043525,
        "38": 0.018479,
        "39": 2.1274076128693054
    },
    "opti_male_rendement": {
        "0": 3.90273368,
        "1": 25.338311230769232,
        "2": 7.654486882352941,
        "3": 2.90159168,
        "4": 0.5647058823529412,
        "5": 2.0766666666666667,
        "6": 30.302295,
        "7": 30.983024133333334,
        "8": 9.378290875,
        "9": 11.727723788461539,
        "10": 2.493846153846154,
        "11": 4.005737082352941,
        "12": 2.6069107297297296,
        "13": 1.24505684,
        "14": 7.575757575757576,
        "15": 8.87333916923077,
        "16": 2.0121027,
        "17": 7.181804208333333,
        "18": 7.8763710555555555,
        "19": 9.572007,
        "20": 6.186397384615384,
        "21": 1.208755125,
        "22": 14.376751666666667,
        "23": 0.87423861,
        "24": 2.4307855,
        "25": 3.687784684210526,
        "26": 7.271183428571429,
        "27": 7.4711338709677415,
        "28": 3.8458616666666665,
        "29": 1.9087407294117646,
        "30": 2.7382846,
        "31": 1.6212524642857142,
        "32": 1.0408307021276595,
        "33": 6.5625,
        "34": 2.708318575,
        "35": 1.0643385,
        "36": 0.16923076923076924,
        "37": 6.817260711111111,
        "38": 2.7095027272727275,
        "39": 7.391798947368421,
        "40": 13.463845866666666,
        "41": 0.6612062,
        "42": 1.0740740740740742,
        "43": 41.4079688,
        "44": 3.612456618181818,
        "45": 1.0986168,
        "46": 2.8164853272727273,
        "47": 21.878617799934233,
        "48": 2.91420351,
        "49": 1.5083955,
        "50": 11.2,
        "51": 2.32615225,
        "52": 19.439106133333333,
        "53": 0.7514857272727272,
        "54": 6.0,
        "55": 0.8556624,
        "56": 3.5,
        "57": 0.6231098,
        "58": 3.8247097222222224,
        "59": 0.2191769,
        "60": 0.7700468,
        "61": 3.479580266666667,
        "62": 4.6720491,
        "63": 10.131293,
        "64": 0.6880170875,
        "65": 1.60271845,
        "66": 3.0,
        "67": 3.3071803571428573,
        "68": 1.6323312857142858,
        "69": 1.9115855833333333,
        "70": 2.7389722,
        "71": 2.47648,
        "72": 30.894796,
        "73": 0.269718,
        "74": 0.8359694814814815,
        "75": 2.2785693,
        "76": 0.1446486976744186,
        "77": 0.5700637692307692,
        "78": 0.5891440588235294,
        "79": 4.9632236,
        "80": 1.10581964,
        "81": 1.9576023,
        "82": 1.6501830857142856,
        "83": 3.320959466666667,
        "84": 7.01675,
        "85": 1.6838130833333333,
        "86": 0.0089237,
        "87": 0.4281075,
        "88": 2.2308671,
        "89": 3.8093683666666665,
        "90": 1.0451074285714286,
        "91": 3.424360666666667,
        "92": 2.5069922,
        "93": 2.2514116,
        "94": 1.6302572285714285,
        "95": 5.6801075,
        "96": 0.99437222,
        "97": 1.10740064,
        "98": 2.9075,
        "99": 1.7217588888888888,
        "100": 0.6015913846153846,
        "101": 6.393606066666667,
        "102": 5.095085833333333,
        "103": 3.7052763333333334,
        "104": 1.0289434,
        "105": 2.1764896,
        "106": 1.7525,
        "107": 2.299046722222222,
        "108": 1.0256066666666668,
        "109": 1.53577325,
        "110": 0.6112939259259259,
        "111": 3.265854625,
        "112": 1.454054,
        "113": 1.142561193548387,
        "114": 1.1692747,
        "115": 0.983677852805047,
        "116": 1.0143022,
        "117": 10.33,
        "118": 4.79088928,
        "119": 0.7043535,
        "120": 0.5394406,
        "121": 1.347047619047619,
        "122": 1.26625,
        "123": 2.02,
        "124": 26.666666666666668,
        "125": 2.7157294,
        "126": 28.571428571428573,
        "127": 2.333263947368421,
        "128": 3.8802477632484513,
        "129": 4.150273666666667,
        "130": 0.40460052,
        "131": 1.0571408,
        "132": 0.0414934,
        "133": 4.430881239381785,
        "134": 2.339399061032864,
        "135": 0.9098600344827587,
        "136": 1.04,
        "137": 0.6881720769230769,
        "138": 1.8165085714285714,
        "139": 2.21772128,
        "140": 0.12761106666666666,
        "141": 3.0,
        "142": 2.8520933,
        "143": 15.666666666666666,
        "144": 1.9654132857142856,
        "145": 1.45959552,
        "146": 0.5629081666666667,
        "147": 1.1166666666666667,
        "148": 5.713728787878788,
        "149": 0.2530363043478261,
        "150": 37.6,
        "151": 4.01188256,
        "152": 0.2980377142857143,
        "153": 0.5714285714285714,
        "154": 2.6403061224489797,
        "155": 4.952830188679245,
        "156": 1.5292162857142857,
        "157": 2.1,
        "158": 0.013812461538461539,
        "159": 1.7598192142857143,
        "160": 0.02157391304347826,
        "161": 5.396618,
        "162": 1.8508403361344539,
        "163": 0.28625,
        "164": 9.941651430916757,
        "165": 0.3638181818181818,
        "166": 0.12544375,
        "167": 1.25,
        "168": 0.1644723076923077,
        "169": 1.25179625,
        "170": 5.102796666666666
    },
    "worst_female_rendement": {
        "0": 1.5320442375,
        "1": 3.48049825,
        "2": 10.54945054945055,
        "3": 1.031263290755091,
        "4": 5.321768846153846,
        "5": 4.939562,
        "6": 0.6666666666666666,
        "7": 14.419354838709678,
        "8": 1.619002375,
        "9": 0.8346096666666667,
        "10": 9.85
    },
    "worst_male_rendement": {
        "0": 2.646926957142857,
        "1": 4.200566182857143,
        "2": 10.003569531914893,
        "3": 13.146666666666667,
        "4": 4.518069669902912,
        "5": 8.130888666666667,
        "6": 4.158173333333333,
        "7": 6.8834415571428575,
        "8": 2.7591393192612137,
        "9": 3.849859575,
        "10": 6.548783766666666,
        "11": 1.4900865714285714,
        "12": 5.0751380416666665,
        "13": 6.495883661016949,
        "14": 12.085909090909091,
        "15": 3.95608913,
        "16": 2.64093316,
        "17": 5.99363,
        "18": 4.3482649,
        "19": 18.001793535714285,
        "20": 14.381714390243902,
        "21": 7.227517946666667,
        "22": 3.9936397333333336,
        "23": 25.227369466666666,
        "24": 6.113189575,
        "25": 1.5680666666666667,
        "26": 1.3043986769230769,
        "27": 5.462068965517242,
        "28": 2.8423420114285713,
        "29": 9.878579291666666,
        "30": 3.1795377714285715,
        "31": 4.19628952,
        "32": 11.892857142857142,
        "33": 5.064864333333333,
        "34": 4.60414678125,
        "35": 5.822119275862069,
        "36": 4.252086664864865,
        "37": 2.7206228,
        "38": 4.761904761904762,
        "39": 3.9557111857142857,