{
    "male_director": {
        "0": 9.831181727904667,
        "1": 25.455147302217807,
        "2": 11.88348229063224,
        "3": 52.83018867924528
    },
    "female_director": {
        "0": 4.3076923076923075,
        "1": 12.923076923076923,
        "2": 6.461538461538462,
        "3": 76.3076923076923
    }
}